<?xml version="1.0" encoding="UTF-8"?><?xml-stylesheet type='text/xsl' href='_UpgradeReport_Files/UpgradeReport.xslt'?><UpgradeLog>
<Properties><Property Name="Solution" Value="ControleDeVendas.vshost">
</Property><Property Name="Solution File" Value="E:\Sistemas\F.F Suplicy\C - Café\ControleDeVendas.vshost.sln">
</Property><Property Name="User Options File" Value="E:\Sistemas\F.F Suplicy\C - Café\ControleDeVendas.vshost.suo">
</Property><Property Name="Date" Value="quarta-feira, 23 de outubro de 2013">
</Property><Property Name="Time" Value="10:55">
</Property></Properties><Event ErrorLevel="0" Project="" Source="ControleDeVendas.vshost.sln" Description="File successfully backed up as E:\Sistemas\F.F Suplicy\C - Café\Backup\ControleDeVendas.vshost.sln">
</Event><Event ErrorLevel="0" Project="" Source="ControleDeVendas.vshost.suo" Description="File successfully backed up as E:\Sistemas\F.F Suplicy\C - Café\Backup\ControleDeVendas.vshost.suo">
</Event><Event ErrorLevel="0" Project="" Source="ControleDeVendas.vshost.sln" Description="Solution converted successfully">
</Event><Event ErrorLevel="3" Project="" Source="ControleDeVendas.vshost.sln" Description="Converted">
</Event></UpgradeLog>