<?xml version="1.0" encoding="UTF-8"?><?xml-stylesheet type='text/xsl' href='_UpgradeReport_Files/UpgradeReport.xslt'?><UpgradeLog>
<Properties><Property Name="Solution" Value="Controle Cafe FF Suplicy">
</Property><Property Name="Solution File" Value="E:\Sistemas\F.F Suplicy\C - Café\Código Fonte\Controle Cafe FF Suplicy.sln">
</Property><Property Name="User Options File" Value="E:\Sistemas\F.F Suplicy\C - Café\Código Fonte\Controle Cafe FF Suplicy.suo">
</Property><Property Name="Date" Value="quarta-feira, 23 de outubro de 2013">
</Property><Property Name="Time" Value="10:55">
</Property><Property Name="Log Number" Value="2">
</Property></Properties><Event ErrorLevel="0" Project="" Source="Controle Cafe FF Suplicy.sln" Description="File successfully backed up as E:\Sistemas\F.F Suplicy\C - Café\Código Fonte\Backup1\Controle Cafe FF Suplicy.sln">
</Event><Event ErrorLevel="0" Project="" Source="Controle Cafe FF Suplicy.suo" Description="File successfully backed up as E:\Sistemas\F.F Suplicy\C - Café\Código Fonte\Backup1\Controle Cafe FF Suplicy.suo">
</Event><Event ErrorLevel="4" Project="ControleDeVendas" Source="http://go.microsoft.com/fwlink/?LinkId=159919" Description="Warning: this project requires Crystal Reports, which is no longer included with Visual Studio. Please click here for more information.">
</Event><Event ErrorLevel="0" Project="ControleDeVendas" Source="ControleDeVendas\ControleDeVendas.csproj" Description="Project file successfully backed up as E:\Sistemas\F.F Suplicy\C - Café\Código Fonte\Backup1\ControleDeVendas\ControleDeVendas.csproj">
</Event><Event ErrorLevel="0" Project="ControleDeVendas" Source="ControleDeVendas\ControleDeVendas.csproj.user" Description="Project user file successfully backed up as E:\Sistemas\F.F Suplicy\C - Café\Código Fonte\Backup1\ControleDeVendas\ControleDeVendas.csproj.user">
</Event><Event ErrorLevel="0" Project="ControleDeVendas" Source="ControleDeVendas\Formulários\Cadastros\Cliente\frmClienteCadastro.cs" Description="File successfully backed up as E:\Sistemas\F.F Suplicy\C - Café\Código Fonte\Backup1\ControleDeVendas\Formulários\Cadastros\Cliente\frmClienteCadastro.cs">
</Event><Event ErrorLevel="0" Project="ControleDeVendas" Source="ControleDeVendas\Formulários\Cadastros\Cliente\frmClienteCadastro.designer.cs" Description="File successfully backed up as E:\Sistemas\F.F Suplicy\C - Café\Código Fonte\Backup1\ControleDeVendas\Formulários\Cadastros\Cliente\frmClienteCadastro.designer.cs">
</Event><Event ErrorLevel="0" Project="ControleDeVendas" Source="ControleDeVendas\Formulários\Cadastros\Cliente\frmClienteConsulta.cs" Description="File successfully backed up as E:\Sistemas\F.F Suplicy\C - Café\Código Fonte\Backup1\ControleDeVendas\Formulários\Cadastros\Cliente\frmClienteConsulta.cs">
</Event><Event ErrorLevel="0" Project="ControleDeVendas" Source="ControleDeVendas\Formulários\Cadastros\Cliente\frmClienteConsulta.Designer.cs" Description="File successfully backed up as E:\Sistemas\F.F Suplicy\C - Café\Código Fonte\Backup1\ControleDeVendas\Formulários\Cadastros\Cliente\frmClienteConsulta.Designer.cs">
</Event><Event ErrorLevel="0" Project="ControleDeVendas" Source="ControleDeVendas\Formulários\Cadastros\Fechamentos\frmCadastroFechamento.cs" Description="File successfully backed up as E:\Sistemas\F.F Suplicy\C - Café\Código Fonte\Backup1\ControleDeVendas\Formulários\Cadastros\Fechamentos\frmCadastroFechamento.cs">
</Event><Event ErrorLevel="0" Project="ControleDeVendas" Source="ControleDeVendas\Formulários\Cadastros\Fechamentos\frmCadastroFechamento.Designer.cs" Description="File successfully backed up as E:\Sistemas\F.F Suplicy\C - Café\Código Fonte\Backup1\ControleDeVendas\Formulários\Cadastros\Fechamentos\frmCadastroFechamento.Designer.cs">
</Event><Event ErrorLevel="0" Project="ControleDeVendas" Source="ControleDeVendas\Formulários\Cadastros\Fechamentos\frmConsultaFechamentos.cs" Description="File successfully backed up as E:\Sistemas\F.F Suplicy\C - Café\Código Fonte\Backup1\ControleDeVendas\Formulários\Cadastros\Fechamentos\frmConsultaFechamentos.cs">
</Event><Event ErrorLevel="0" Project="ControleDeVendas" Source="ControleDeVendas\Formulários\Cadastros\Fechamentos\frmConsultaFechamentos.Designer.cs" Description="File successfully backed up as E:\Sistemas\F.F Suplicy\C - Café\Código Fonte\Backup1\ControleDeVendas\Formulários\Cadastros\Fechamentos\frmConsultaFechamentos.Designer.cs">
</Event><Event ErrorLevel="0" Project="ControleDeVendas" Source="ControleDeVendas\Formulários\Cadastros\Fechamentos\frmExtenso.cs" Description="File successfully backed up as E:\Sistemas\F.F Suplicy\C - Café\Código Fonte\Backup1\ControleDeVendas\Formulários\Cadastros\Fechamentos\frmExtenso.cs">
</Event><Event ErrorLevel="0" Project="ControleDeVendas" Source="ControleDeVendas\Formulários\Cadastros\Fechamentos\frmExtenso.Designer.cs" Description="File successfully backed up as E:\Sistemas\F.F Suplicy\C - Café\Código Fonte\Backup1\ControleDeVendas\Formulários\Cadastros\Fechamentos\frmExtenso.Designer.cs">
</Event><Event ErrorLevel="0" Project="ControleDeVendas" Source="ControleDeVendas\Formulários\Modelos\frmModelo.cs" Description="File successfully backed up as E:\Sistemas\F.F Suplicy\C - Café\Código Fonte\Backup1\ControleDeVendas\Formulários\Modelos\frmModelo.cs">
</Event><Event ErrorLevel="0" Project="ControleDeVendas" Source="ControleDeVendas\Formulários\Modelos\frmModelo.Designer.cs" Description="File successfully backed up as E:\Sistemas\F.F Suplicy\C - Café\Código Fonte\Backup1\ControleDeVendas\Formulários\Modelos\frmModelo.Designer.cs">
</Event><Event ErrorLevel="0" Project="ControleDeVendas" Source="ControleDeVendas\Formulários\Modelos\frmModeloCadastro.cs" Description="File successfully backed up as E:\Sistemas\F.F Suplicy\C - Café\Código Fonte\Backup1\ControleDeVendas\Formulários\Modelos\frmModeloCadastro.cs">
</Event><Event ErrorLevel="0" Project="ControleDeVendas" Source="ControleDeVendas\Formulários\Modelos\frmModeloCadastro.Designer.cs" Description="File successfully backed up as E:\Sistemas\F.F Suplicy\C - Café\Código Fonte\Backup1\ControleDeVendas\Formulários\Modelos\frmModeloCadastro.Designer.cs">
</Event><Event ErrorLevel="0" Project="ControleDeVendas" Source="ControleDeVendas\Formulários\Modelos\frmModeloConsulta.cs" Description="File successfully backed up as E:\Sistemas\F.F Suplicy\C - Café\Código Fonte\Backup1\ControleDeVendas\Formulários\Modelos\frmModeloConsulta.cs">
</Event><Event ErrorLevel="0" Project="ControleDeVendas" Source="ControleDeVendas\Formulários\Modelos\frmModeloConsulta.Designer.cs" Description="File successfully backed up as E:\Sistemas\F.F Suplicy\C - Café\Código Fonte\Backup1\ControleDeVendas\Formulários\Modelos\frmModeloConsulta.Designer.cs">
</Event><Event ErrorLevel="0" Project="ControleDeVendas" Source="ControleDeVendas\Formulários\Sistema\bkp_frmLiga.cs" Description="File successfully backed up as E:\Sistemas\F.F Suplicy\C - Café\Código Fonte\Backup1\ControleDeVendas\Formulários\Sistema\bkp_frmLiga.cs">
</Event><Event ErrorLevel="0" Project="ControleDeVendas" Source="ControleDeVendas\Formulários\Sistema\bkp_frmLiga.designer.cs" Description="File successfully backed up as E:\Sistemas\F.F Suplicy\C - Café\Código Fonte\Backup1\ControleDeVendas\Formulários\Sistema\bkp_frmLiga.designer.cs">
</Event><Event ErrorLevel="0" Project="ControleDeVendas" Source="ControleDeVendas\Formulários\Sistema\frmMenu.cs" Description="File successfully backed up as E:\Sistemas\F.F Suplicy\C - Café\Código Fonte\Backup1\ControleDeVendas\Formulários\Sistema\frmMenu.cs">
</Event><Event ErrorLevel="0" Project="ControleDeVendas" Source="ControleDeVendas\Formulários\Sistema\frmMenu.designer.cs" Description="File successfully backed up as E:\Sistemas\F.F Suplicy\C - Café\Código Fonte\Backup1\ControleDeVendas\Formulários\Sistema\frmMenu.designer.cs">
</Event><Event ErrorLevel="0" Project="ControleDeVendas" Source="ControleDeVendas\Formulários\Sistema\frmSobre.cs" Description="File successfully backed up as E:\Sistemas\F.F Suplicy\C - Café\Código Fonte\Backup1\ControleDeVendas\Formulários\Sistema\frmSobre.cs">
</Event><Event ErrorLevel="0" Project="ControleDeVendas" Source="ControleDeVendas\Formulários\Sistema\frmSobre.Designer.cs" Description="File successfully backed up as E:\Sistemas\F.F Suplicy\C - Café\Código Fonte\Backup1\ControleDeVendas\Formulários\Sistema\frmSobre.Designer.cs">
</Event><Event ErrorLevel="0" Project="ControleDeVendas" Source="ControleDeVendas\frmSplash.cs" Description="File successfully backed up as E:\Sistemas\F.F Suplicy\C - Café\Código Fonte\Backup1\ControleDeVendas\frmSplash.cs">
</Event><Event ErrorLevel="0" Project="ControleDeVendas" Source="ControleDeVendas\frmSplash.Designer.cs" Description="File successfully backed up as E:\Sistemas\F.F Suplicy\C - Café\Código Fonte\Backup1\ControleDeVendas\frmSplash.Designer.cs">
</Event><Event ErrorLevel="0" Project="ControleDeVendas" Source="ControleDeVendas\Program.cs" Description="File successfully backed up as E:\Sistemas\F.F Suplicy\C - Café\Código Fonte\Backup1\ControleDeVendas\Program.cs">
</Event><Event ErrorLevel="0" Project="ControleDeVendas" Source="ControleDeVendas\Properties\AssemblyInfo.cs" Description="File successfully backed up as E:\Sistemas\F.F Suplicy\C - Café\Código Fonte\Backup1\ControleDeVendas\Properties\AssemblyInfo.cs">
</Event><Event ErrorLevel="0" Project="ControleDeVendas" Source="ControleDeVendas\Properties\Resources.Designer.cs" Description="File successfully backed up as E:\Sistemas\F.F Suplicy\C - Café\Código Fonte\Backup1\ControleDeVendas\Properties\Resources.Designer.cs">
</Event><Event ErrorLevel="0" Project="ControleDeVendas" Source="ControleDeVendas\Properties\Settings.Designer.cs" Description="File successfully backed up as E:\Sistemas\F.F Suplicy\C - Café\Código Fonte\Backup1\ControleDeVendas\Properties\Settings.Designer.cs">
</Event><Event ErrorLevel="0" Project="ControleDeVendas" Source="ControleDeVendas\Relatórios\frmDataFechamento.cs" Description="File successfully backed up as E:\Sistemas\F.F Suplicy\C - Café\Código Fonte\Backup1\ControleDeVendas\Relatórios\frmDataFechamento.cs">
</Event><Event ErrorLevel="0" Project="ControleDeVendas" Source="ControleDeVendas\Relatórios\frmDataFechamento.Designer.cs" Description="File successfully backed up as E:\Sistemas\F.F Suplicy\C - Café\Código Fonte\Backup1\ControleDeVendas\Relatórios\frmDataFechamento.Designer.cs">
</Event><Event ErrorLevel="0" Project="ControleDeVendas" Source="ControleDeVendas\Relatórios\frmMesFechamento.cs" Description="File successfully backed up as E:\Sistemas\F.F Suplicy\C - Café\Código Fonte\Backup1\ControleDeVendas\Relatórios\frmMesFechamento.cs">
</Event><Event ErrorLevel="0" Project="ControleDeVendas" Source="ControleDeVendas\Relatórios\frmMesFechamento.Designer.cs" Description="File successfully backed up as E:\Sistemas\F.F Suplicy\C - Café\Código Fonte\Backup1\ControleDeVendas\Relatórios\frmMesFechamento.Designer.cs">
</Event><Event ErrorLevel="0" Project="ControleDeVendas" Source="ControleDeVendas\Relatórios\frmPrintdaConsulta.cs" Description="File successfully backed up as E:\Sistemas\F.F Suplicy\C - Café\Código Fonte\Backup1\ControleDeVendas\Relatórios\frmPrintdaConsulta.cs">
</Event><Event ErrorLevel="0" Project="ControleDeVendas" Source="ControleDeVendas\Relatórios\frmPrintdaConsulta.Designer.cs" Description="File successfully backed up as E:\Sistemas\F.F Suplicy\C - Café\Código Fonte\Backup1\ControleDeVendas\Relatórios\frmPrintdaConsulta.Designer.cs">
</Event><Event ErrorLevel="0" Project="ControleDeVendas" Source="ControleDeVendas\Relatórios\frmPrintFechamento.cs" Description="File successfully backed up as E:\Sistemas\F.F Suplicy\C - Café\Código Fonte\Backup1\ControleDeVendas\Relatórios\frmPrintFechamento.cs">
</Event><Event ErrorLevel="0" Project="ControleDeVendas" Source="ControleDeVendas\Relatórios\frmPrintFechamento.Designer.cs" Description="File successfully backed up as E:\Sistemas\F.F Suplicy\C - Café\Código Fonte\Backup1\ControleDeVendas\Relatórios\frmPrintFechamento.Designer.cs">
</Event><Event ErrorLevel="0" Project="ControleDeVendas" Source="ControleDeVendas\Relatórios\MesFechamento.cs" Description="File successfully backed up as E:\Sistemas\F.F Suplicy\C - Café\Código Fonte\Backup1\ControleDeVendas\Relatórios\MesFechamento.cs">
</Event><Event ErrorLevel="0" Project="ControleDeVendas" Source="ControleDeVendas\Properties\Settings.settings" Description="File successfully backed up as E:\Sistemas\F.F Suplicy\C - Café\Código Fonte\Backup1\ControleDeVendas\Properties\Settings.settings">
</Event><Event ErrorLevel="0" Project="ControleDeVendas" Source="ControleDeVendas\Relatórios\fechamento.rpt" Description="File successfully backed up as E:\Sistemas\F.F Suplicy\C - Café\Código Fonte\Backup1\ControleDeVendas\Relatórios\fechamento.rpt">
</Event><Event ErrorLevel="0" Project="ControleDeVendas" Source="ControleDeVendas\app.config" Description="File successfully backed up as E:\Sistemas\F.F Suplicy\C - Café\Código Fonte\Backup1\ControleDeVendas\app.config">
</Event><Event ErrorLevel="0" Project="ControleDeVendas" Source="ControleDeVendas\Resources\OrganizerHS.png" Description="File successfully backed up as E:\Sistemas\F.F Suplicy\C - Café\Código Fonte\Backup1\ControleDeVendas\Resources\OrganizerHS.png">
</Event><Event ErrorLevel="0" Project="ControleDeVendas" Source="ControleDeVendas\Resources\HtmlBalanceBracesHS.png" Description="File successfully backed up as E:\Sistemas\F.F Suplicy\C - Café\Código Fonte\Backup1\ControleDeVendas\Resources\HtmlBalanceBracesHS.png">
</Event><Event ErrorLevel="0" Project="ControleDeVendas" Source="ControleDeVendas\Resources\RenameFolderHS.png" Description="File successfully backed up as E:\Sistemas\F.F Suplicy\C - Café\Código Fonte\Backup1\ControleDeVendas\Resources\RenameFolderHS.png">
</Event><Event ErrorLevel="0" Project="ControleDeVendas" Source="ControleDeVendas\Resources\Edit_UndoHS.png" Description="File successfully backed up as E:\Sistemas\F.F Suplicy\C - Café\Código Fonte\Backup1\ControleDeVendas\Resources\Edit_UndoHS.png">
</Event><Event ErrorLevel="0" Project="ControleDeVendas" Source="ControleDeVendas\Resources\HomeHS.png" Description="File successfully backed up as E:\Sistemas\F.F Suplicy\C - Café\Código Fonte\Backup1\ControleDeVendas\Resources\HomeHS.png">
</Event><Event ErrorLevel="0" Project="ControleDeVendas" Source="ControleDeVendas\Resources\RecordHS.png" Description="File successfully backed up as E:\Sistemas\F.F Suplicy\C - Café\Código Fonte\Backup1\ControleDeVendas\Resources\RecordHS.png">
</Event><Event ErrorLevel="0" Project="ControleDeVendas" Source="ControleDeVendas\Resources\Edit_UndoHS1.png" Description="File successfully backed up as E:\Sistemas\F.F Suplicy\C - Café\Código Fonte\Backup1\ControleDeVendas\Resources\Edit_UndoHS1.png">
</Event><Event ErrorLevel="0" Project="ControleDeVendas" Source="ControleDeVendas\Resources\FindHS.png" Description="File successfully backed up as E:\Sistemas\F.F Suplicy\C - Café\Código Fonte\Backup1\ControleDeVendas\Resources\FindHS.png">
</Event><Event ErrorLevel="0" Project="ControleDeVendas" Source="ControleDeVendas\Resources\cab.ico" Description="File successfully backed up as E:\Sistemas\F.F Suplicy\C - Café\Código Fonte\Backup1\ControleDeVendas\Resources\cab.ico">
</Event><Event ErrorLevel="0" Project="ControleDeVendas" Source="ControleDeVendas\Resources\Edit_RedoHS.png" Description="File successfully backed up as E:\Sistemas\F.F Suplicy\C - Café\Código Fonte\Backup1\ControleDeVendas\Resources\Edit_RedoHS.png">
</Event><Event ErrorLevel="0" Project="ControleDeVendas" Source="ControleDeVendas\Resources\PrintHS.png" Description="File successfully backed up as E:\Sistemas\F.F Suplicy\C - Café\Código Fonte\Backup1\ControleDeVendas\Resources\PrintHS.png">
</Event><Event ErrorLevel="0" Project="ControleDeVendas" Source="ControleDeVendas\Resources\cafe.jpg" Description="File successfully backed up as E:\Sistemas\F.F Suplicy\C - Café\Código Fonte\Backup1\ControleDeVendas\Resources\cafe.jpg">
</Event><Event ErrorLevel="0" Project="ControleDeVendas" Source="ControleDeVendas\Resources\cafe2.jpg" Description="File successfully backed up as E:\Sistemas\F.F Suplicy\C - Café\Código Fonte\Backup1\ControleDeVendas\Resources\cafe2.jpg">
</Event><Event ErrorLevel="0" Project="ControleDeVendas" Source="ControleDeVendas\Resources\cafe3.jpg" Description="File successfully backed up as E:\Sistemas\F.F Suplicy\C - Café\Código Fonte\Backup1\ControleDeVendas\Resources\cafe3.jpg">
</Event><Event ErrorLevel="0" Project="ControleDeVendas" Source="ControleDeVendas\Resources\cafe4.jpg" Description="File successfully backed up as E:\Sistemas\F.F Suplicy\C - Café\Código Fonte\Backup1\ControleDeVendas\Resources\cafe4.jpg">
</Event><Event ErrorLevel="0" Project="ControleDeVendas" Source="ControleDeVendas\users.ico" Description="File successfully backed up as E:\Sistemas\F.F Suplicy\C - Café\Código Fonte\Backup1\ControleDeVendas\users.ico">
</Event><Event ErrorLevel="0" Project="ControleDeVendas" Source="ControleDeVendas\Formulários\Cadastros\Cliente\frmClienteCadastro.resx" Description="File successfully backed up as E:\Sistemas\F.F Suplicy\C - Café\Código Fonte\Backup1\ControleDeVendas\Formulários\Cadastros\Cliente\frmClienteCadastro.resx">
</Event><Event ErrorLevel="0" Project="ControleDeVendas" Source="ControleDeVendas\Formulários\Cadastros\Cliente\frmClienteConsulta.resx" Description="File successfully backed up as E:\Sistemas\F.F Suplicy\C - Café\Código Fonte\Backup1\ControleDeVendas\Formulários\Cadastros\Cliente\frmClienteConsulta.resx">
</Event><Event ErrorLevel="0" Project="ControleDeVendas" Source="ControleDeVendas\Formulários\Cadastros\Fechamentos\frmCadastroFechamento.resx" Description="File successfully backed up as E:\Sistemas\F.F Suplicy\C - Café\Código Fonte\Backup1\ControleDeVendas\Formulários\Cadastros\Fechamentos\frmCadastroFechamento.resx">
</Event><Event ErrorLevel="0" Project="ControleDeVendas" Source="ControleDeVendas\Formulários\Cadastros\Fechamentos\frmConsultaFechamentos.resx" Description="File successfully backed up as E:\Sistemas\F.F Suplicy\C - Café\Código Fonte\Backup1\ControleDeVendas\Formulários\Cadastros\Fechamentos\frmConsultaFechamentos.resx">
</Event><Event ErrorLevel="0" Project="ControleDeVendas" Source="ControleDeVendas\Formulários\Cadastros\Fechamentos\frmExtenso.resx" Description="File successfully backed up as E:\Sistemas\F.F Suplicy\C - Café\Código Fonte\Backup1\ControleDeVendas\Formulários\Cadastros\Fechamentos\frmExtenso.resx">
</Event><Event ErrorLevel="0" Project="ControleDeVendas" Source="ControleDeVendas\Formulários\Modelos\frmModelo.resx" Description="File successfully backed up as E:\Sistemas\F.F Suplicy\C - Café\Código Fonte\Backup1\ControleDeVendas\Formulários\Modelos\frmModelo.resx">
</Event><Event ErrorLevel="0" Project="ControleDeVendas" Source="ControleDeVendas\Formulários\Modelos\frmModeloCadastro.resx" Description="File successfully backed up as E:\Sistemas\F.F Suplicy\C - Café\Código Fonte\Backup1\ControleDeVendas\Formulários\Modelos\frmModeloCadastro.resx">
</Event><Event ErrorLevel="0" Project="ControleDeVendas" Source="ControleDeVendas\Formulários\Modelos\frmModeloConsulta.resx" Description="File successfully backed up as E:\Sistemas\F.F Suplicy\C - Café\Código Fonte\Backup1\ControleDeVendas\Formulários\Modelos\frmModeloConsulta.resx">
</Event><Event ErrorLevel="0" Project="ControleDeVendas" Source="ControleDeVendas\Formulários\Sistema\bkp_frmLiga.resx" Description="File successfully backed up as E:\Sistemas\F.F Suplicy\C - Café\Código Fonte\Backup1\ControleDeVendas\Formulários\Sistema\bkp_frmLiga.resx">
</Event><Event ErrorLevel="0" Project="ControleDeVendas" Source="ControleDeVendas\Formulários\Sistema\frmMenu.resx" Description="File successfully backed up as E:\Sistemas\F.F Suplicy\C - Café\Código Fonte\Backup1\ControleDeVendas\Formulários\Sistema\frmMenu.resx">
</Event><Event ErrorLevel="0" Project="ControleDeVendas" Source="ControleDeVendas\Formulários\Sistema\frmSobre.resx" Description="File successfully backed up as E:\Sistemas\F.F Suplicy\C - Café\Código Fonte\Backup1\ControleDeVendas\Formulários\Sistema\frmSobre.resx">
</Event><Event ErrorLevel="0" Project="ControleDeVendas" Source="ControleDeVendas\frmSplash.resx" Description="File successfully backed up as E:\Sistemas\F.F Suplicy\C - Café\Código Fonte\Backup1\ControleDeVendas\frmSplash.resx">
</Event><Event ErrorLevel="0" Project="ControleDeVendas" Source="ControleDeVendas\Properties\Resources.resx" Description="File successfully backed up as E:\Sistemas\F.F Suplicy\C - Café\Código Fonte\Backup1\ControleDeVendas\Properties\Resources.resx">
</Event><Event ErrorLevel="0" Project="ControleDeVendas" Source="ControleDeVendas\Relatórios\frmDataFechamento.resx" Description="File successfully backed up as E:\Sistemas\F.F Suplicy\C - Café\Código Fonte\Backup1\ControleDeVendas\Relatórios\frmDataFechamento.resx">
</Event><Event ErrorLevel="0" Project="ControleDeVendas" Source="ControleDeVendas\Relatórios\frmMesFechamento.resx" Description="File successfully backed up as E:\Sistemas\F.F Suplicy\C - Café\Código Fonte\Backup1\ControleDeVendas\Relatórios\frmMesFechamento.resx">
</Event><Event ErrorLevel="0" Project="ControleDeVendas" Source="ControleDeVendas\Relatórios\frmPrintdaConsulta.resx" Description="File successfully backed up as E:\Sistemas\F.F Suplicy\C - Café\Código Fonte\Backup1\ControleDeVendas\Relatórios\frmPrintdaConsulta.resx">
</Event><Event ErrorLevel="0" Project="ControleDeVendas" Source="ControleDeVendas\Relatórios\frmPrintFechamento.resx" Description="File successfully backed up as E:\Sistemas\F.F Suplicy\C - Café\Código Fonte\Backup1\ControleDeVendas\Relatórios\frmPrintFechamento.resx">
</Event><Event ErrorLevel="0" Project="ControleDeVendas" Source="ControleDeVendas\Relatórios\MesFechamento.rpt" Description="File successfully backed up as E:\Sistemas\F.F Suplicy\C - Café\Código Fonte\Backup1\ControleDeVendas\Relatórios\MesFechamento.rpt">
</Event><Event ErrorLevel="1" Project="ControleDeVendas" Source="ControleDeVendas\ControleDeVendas.csproj" Description="Your project is targeting .NET Framework 2.0 or 3.0. If your project uses assemblies requiring a newer .NET Framework, your project will fail to build. You can change the .NET Framework version by clicking Properties on the project menu and then selecting a new version in the '.NET Framework' dropdown box. (In Visual Basic, this is located on the Compile tab by clicking the 'Advanced Compiler Options...' button.)">
</Event><Event ErrorLevel="0" Project="ControleDeVendas" Source="ControleDeVendas\ControleDeVendas.csproj" Description="Project converted successfully">
</Event><Event ErrorLevel="3" Project="ControleDeVendas" Source="ControleDeVendas\ControleDeVendas.csproj" Description="Converted">
</Event><Event ErrorLevel="0" Project="DllControleDeVendas" Source="DllControleDeVendas\DllControleDeVendas.csproj" Description="Project file successfully backed up as E:\Sistemas\F.F Suplicy\C - Café\Código Fonte\Backup1\DllControleDeVendas\DllControleDeVendas.csproj">
</Event><Event ErrorLevel="0" Project="DllControleDeVendas" Source="DllControleDeVendas\Properties\AssemblyInfo.cs" Description="File successfully backed up as E:\Sistemas\F.F Suplicy\C - Café\Código Fonte\Backup1\DllControleDeVendas\Properties\AssemblyInfo.cs">
</Event><Event ErrorLevel="0" Project="DllControleDeVendas" Source="DllControleDeVendas\Properties\Settings.Designer.cs" Description="File successfully backed up as E:\Sistemas\F.F Suplicy\C - Café\Código Fonte\Backup1\DllControleDeVendas\Properties\Settings.Designer.cs">
</Event><Event ErrorLevel="0" Project="DllControleDeVendas" Source="DllControleDeVendas\Sistema\Globais\cldBancoDados.cs" Description="File successfully backed up as E:\Sistemas\F.F Suplicy\C - Café\Código Fonte\Backup1\DllControleDeVendas\Sistema\Globais\cldBancoDados.cs">
</Event><Event ErrorLevel="0" Project="DllControleDeVendas" Source="DllControleDeVendas\Sistema\Globais\clnFuncoesGerais.cs" Description="File successfully backed up as E:\Sistemas\F.F Suplicy\C - Café\Código Fonte\Backup1\DllControleDeVendas\Sistema\Globais\clnFuncoesGerais.cs">
</Event><Event ErrorLevel="0" Project="DllControleDeVendas" Source="DllControleDeVendas\Sistema\Globais\ValorExtensoComum.cs" Description="File successfully backed up as E:\Sistemas\F.F Suplicy\C - Café\Código Fonte\Backup1\DllControleDeVendas\Sistema\Globais\ValorExtensoComum.cs">
</Event><Event ErrorLevel="0" Project="DllControleDeVendas" Source="DllControleDeVendas\Sistema\Globais\ValorExtensoReais.cs" Description="File successfully backed up as E:\Sistemas\F.F Suplicy\C - Café\Código Fonte\Backup1\DllControleDeVendas\Sistema\Globais\ValorExtensoReais.cs">
</Event><Event ErrorLevel="0" Project="DllControleDeVendas" Source="DllControleDeVendas\Sistema\Negocio\clnCliente.cs" Description="File successfully backed up as E:\Sistemas\F.F Suplicy\C - Café\Código Fonte\Backup1\DllControleDeVendas\Sistema\Negocio\clnCliente.cs">
</Event><Event ErrorLevel="0" Project="DllControleDeVendas" Source="DllControleDeVendas\Sistema\Negocio\clnFechamento.cs" Description="File successfully backed up as E:\Sistemas\F.F Suplicy\C - Café\Código Fonte\Backup1\DllControleDeVendas\Sistema\Negocio\clnFechamento.cs">
</Event><Event ErrorLevel="0" Project="DllControleDeVendas" Source="DllControleDeVendas\app.config" Description="File successfully backed up as E:\Sistemas\F.F Suplicy\C - Café\Código Fonte\Backup1\DllControleDeVendas\app.config">
</Event><Event ErrorLevel="0" Project="DllControleDeVendas" Source="DllControleDeVendas\Properties\Settings.settings" Description="File successfully backed up as E:\Sistemas\F.F Suplicy\C - Café\Código Fonte\Backup1\DllControleDeVendas\Properties\Settings.settings">
</Event><Event ErrorLevel="1" Project="DllControleDeVendas" Source="DllControleDeVendas\DllControleDeVendas.csproj" Description="Your project is targeting .NET Framework 2.0 or 3.0. If your project uses assemblies requiring a newer .NET Framework, your project will fail to build. You can change the .NET Framework version by clicking Properties on the project menu and then selecting a new version in the '.NET Framework' dropdown box. (In Visual Basic, this is located on the Compile tab by clicking the 'Advanced Compiler Options...' button.)">
</Event><Event ErrorLevel="0" Project="DllControleDeVendas" Source="DllControleDeVendas\DllControleDeVendas.csproj" Description="Project converted successfully">
</Event><Event ErrorLevel="3" Project="DllControleDeVendas" Source="DllControleDeVendas\DllControleDeVendas.csproj" Description="Converted">
</Event><Event ErrorLevel="0" Project="" Source="Controle Cafe FF Suplicy.sln" Description="Solution converted successfully">
</Event><Event ErrorLevel="3" Project="" Source="Controle Cafe FF Suplicy.sln" Description="Converted">
</Event><Event ErrorLevel="0" Project="ControleDeVendas" Source="ControleDeVendas\ControleDeVendas.csproj" Description="Scan complete: Upgrade not required for project files.">
</Event><Event ErrorLevel="0" Project="DllControleDeVendas" Source="DllControleDeVendas\DllControleDeVendas.csproj" Description="Scan complete: Upgrade not required for project files.">
</Event></UpgradeLog>