<?xml version="1.0" encoding="UTF-8"?><?xml-stylesheet type='text/xsl' href='_UpgradeReport_Files/UpgradeReport.xslt'?><UpgradeLog>
<Properties><Property Name="Solution" Value="ControleDeVendas">
</Property><Property Name="Solution File" Value="C:\Documents and Settings\Anderson\Desktop\Lições\CSHARP\ControleDeVendas.sln">
</Property><Property Name="User Options File" Value="C:\Documents and Settings\Anderson\Desktop\Lições\CSHARP\ControleDeVendas.suo">
</Property><Property Name="Date" Value="terça-feira, 7 de julho de 2009">
</Property><Property Name="Time" Value="17:30">
</Property></Properties><Event ErrorLevel="0" Project="" Source="ControleDeVendas.sln" Description="File successfully backed up as C:\Documents and Settings\Anderson\Desktop\Lições\CSHARP\Backup\ControleDeVendas.sln">
</Event><Event ErrorLevel="0" Project="" Source="ControleDeVendas.suo" Description="File successfully backed up as C:\Documents and Settings\Anderson\Desktop\Lições\CSHARP\Backup\ControleDeVendas.suo">
</Event><Event ErrorLevel="0" Project="ControleDeVendas" Source="ControleDeVendas\ControleDeVendas.csproj" Description="Project file successfully backed up as C:\Documents and Settings\Anderson\Desktop\Lições\CSHARP\Backup\ControleDeVendas\ControleDeVendas.csproj">
</Event><Event ErrorLevel="0" Project="ControleDeVendas" Source="ControleDeVendas\ControleDeVendas.csproj.user" Description="Project user file successfully backed up as C:\Documents and Settings\Anderson\Desktop\Lições\CSHARP\Backup\ControleDeVendas\ControleDeVendas.csproj.user">
</Event><Event ErrorLevel="0" Project="ControleDeVendas" Source="ControleDeVendas\Formulários\Cadastros\Categoria\frmCategoriaCadastro.cs" Description="File successfully backed up as C:\Documents and Settings\Anderson\Desktop\Lições\CSHARP\Backup\ControleDeVendas\Formulários\Cadastros\Categoria\frmCategoriaCadastro.cs">
</Event><Event ErrorLevel="0" Project="ControleDeVendas" Source="ControleDeVendas\Formulários\Cadastros\Categoria\frmCategoriaCadastro.Designer.cs" Description="File successfully backed up as C:\Documents and Settings\Anderson\Desktop\Lições\CSHARP\Backup\ControleDeVendas\Formulários\Cadastros\Categoria\frmCategoriaCadastro.Designer.cs">
</Event><Event ErrorLevel="0" Project="ControleDeVendas" Source="ControleDeVendas\Formulários\Cadastros\Categoria\frmCategoriaConsulta.cs" Description="File successfully backed up as C:\Documents and Settings\Anderson\Desktop\Lições\CSHARP\Backup\ControleDeVendas\Formulários\Cadastros\Categoria\frmCategoriaConsulta.cs">
</Event><Event ErrorLevel="0" Project="ControleDeVendas" Source="ControleDeVendas\Formulários\Cadastros\Categoria\frmCategoriaConsulta.Designer.cs" Description="File successfully backed up as C:\Documents and Settings\Anderson\Desktop\Lições\CSHARP\Backup\ControleDeVendas\Formulários\Cadastros\Categoria\frmCategoriaConsulta.Designer.cs">
</Event><Event ErrorLevel="0" Project="ControleDeVendas" Source="ControleDeVendas\Formulários\Cadastros\Cliente\frmClienteCadastro.cs" Description="File successfully backed up as C:\Documents and Settings\Anderson\Desktop\Lições\CSHARP\Backup\ControleDeVendas\Formulários\Cadastros\Cliente\frmClienteCadastro.cs">
</Event><Event ErrorLevel="0" Project="ControleDeVendas" Source="ControleDeVendas\Formulários\Cadastros\Cliente\frmClienteCadastro.designer.cs" Description="File successfully backed up as C:\Documents and Settings\Anderson\Desktop\Lições\CSHARP\Backup\ControleDeVendas\Formulários\Cadastros\Cliente\frmClienteCadastro.designer.cs">
</Event><Event ErrorLevel="0" Project="ControleDeVendas" Source="ControleDeVendas\Formulários\Cadastros\Cliente\frmClienteConsulta.cs" Description="File successfully backed up as C:\Documents and Settings\Anderson\Desktop\Lições\CSHARP\Backup\ControleDeVendas\Formulários\Cadastros\Cliente\frmClienteConsulta.cs">
</Event><Event ErrorLevel="0" Project="ControleDeVendas" Source="ControleDeVendas\Formulários\Cadastros\Cliente\frmClienteConsulta.Designer.cs" Description="File successfully backed up as C:\Documents and Settings\Anderson\Desktop\Lições\CSHARP\Backup\ControleDeVendas\Formulários\Cadastros\Cliente\frmClienteConsulta.Designer.cs">
</Event><Event ErrorLevel="0" Project="ControleDeVendas" Source="ControleDeVendas\Formulários\Cadastros\Produto\frmProdutoCadastro.cs" Description="File successfully backed up as C:\Documents and Settings\Anderson\Desktop\Lições\CSHARP\Backup\ControleDeVendas\Formulários\Cadastros\Produto\frmProdutoCadastro.cs">
</Event><Event ErrorLevel="0" Project="ControleDeVendas" Source="ControleDeVendas\Formulários\Cadastros\Produto\frmProdutoCadastro.designer.cs" Description="File successfully backed up as C:\Documents and Settings\Anderson\Desktop\Lições\CSHARP\Backup\ControleDeVendas\Formulários\Cadastros\Produto\frmProdutoCadastro.designer.cs">
</Event><Event ErrorLevel="0" Project="ControleDeVendas" Source="ControleDeVendas\Formulários\Cadastros\Produto\frmProdutoConsulta.cs" Description="File successfully backed up as C:\Documents and Settings\Anderson\Desktop\Lições\CSHARP\Backup\ControleDeVendas\Formulários\Cadastros\Produto\frmProdutoConsulta.cs">
</Event><Event ErrorLevel="0" Project="ControleDeVendas" Source="ControleDeVendas\Formulários\Cadastros\Produto\frmProdutoConsulta.designer.cs" Description="File successfully backed up as C:\Documents and Settings\Anderson\Desktop\Lições\CSHARP\Backup\ControleDeVendas\Formulários\Cadastros\Produto\frmProdutoConsulta.designer.cs">
</Event><Event ErrorLevel="0" Project="ControleDeVendas" Source="ControleDeVendas\Formulários\Modelos\frmModelo.cs" Description="File successfully backed up as C:\Documents and Settings\Anderson\Desktop\Lições\CSHARP\Backup\ControleDeVendas\Formulários\Modelos\frmModelo.cs">
</Event><Event ErrorLevel="0" Project="ControleDeVendas" Source="ControleDeVendas\Formulários\Modelos\frmModelo.Designer.cs" Description="File successfully backed up as C:\Documents and Settings\Anderson\Desktop\Lições\CSHARP\Backup\ControleDeVendas\Formulários\Modelos\frmModelo.Designer.cs">
</Event><Event ErrorLevel="0" Project="ControleDeVendas" Source="ControleDeVendas\Formulários\Modelos\frmModeloCadastro.cs" Description="File successfully backed up as C:\Documents and Settings\Anderson\Desktop\Lições\CSHARP\Backup\ControleDeVendas\Formulários\Modelos\frmModeloCadastro.cs">
</Event><Event ErrorLevel="0" Project="ControleDeVendas" Source="ControleDeVendas\Formulários\Modelos\frmModeloCadastro.Designer.cs" Description="File successfully backed up as C:\Documents and Settings\Anderson\Desktop\Lições\CSHARP\Backup\ControleDeVendas\Formulários\Modelos\frmModeloCadastro.Designer.cs">
</Event><Event ErrorLevel="0" Project="ControleDeVendas" Source="ControleDeVendas\Formulários\Modelos\frmModeloConsulta.cs" Description="File successfully backed up as C:\Documents and Settings\Anderson\Desktop\Lições\CSHARP\Backup\ControleDeVendas\Formulários\Modelos\frmModeloConsulta.cs">
</Event><Event ErrorLevel="0" Project="ControleDeVendas" Source="ControleDeVendas\Formulários\Modelos\frmModeloConsulta.Designer.cs" Description="File successfully backed up as C:\Documents and Settings\Anderson\Desktop\Lições\CSHARP\Backup\ControleDeVendas\Formulários\Modelos\frmModeloConsulta.Designer.cs">
</Event><Event ErrorLevel="0" Project="ControleDeVendas" Source="ControleDeVendas\Formulários\Sistema\frmConsulta.cs" Description="File successfully backed up as C:\Documents and Settings\Anderson\Desktop\Lições\CSHARP\Backup\ControleDeVendas\Formulários\Sistema\frmConsulta.cs">
</Event><Event ErrorLevel="0" Project="ControleDeVendas" Source="ControleDeVendas\Formulários\Sistema\frmConsulta.Designer.cs" Description="File successfully backed up as C:\Documents and Settings\Anderson\Desktop\Lições\CSHARP\Backup\ControleDeVendas\Formulários\Sistema\frmConsulta.Designer.cs">
</Event><Event ErrorLevel="0" Project="ControleDeVendas" Source="ControleDeVendas\Formulários\Sistema\frmMenu.cs" Description="File successfully backed up as C:\Documents and Settings\Anderson\Desktop\Lições\CSHARP\Backup\ControleDeVendas\Formulários\Sistema\frmMenu.cs">
</Event><Event ErrorLevel="0" Project="ControleDeVendas" Source="ControleDeVendas\Formulários\Sistema\frmMenu.designer.cs" Description="File successfully backed up as C:\Documents and Settings\Anderson\Desktop\Lições\CSHARP\Backup\ControleDeVendas\Formulários\Sistema\frmMenu.designer.cs">
</Event><Event ErrorLevel="0" Project="ControleDeVendas" Source="ControleDeVendas\Formulários\Sistema\frmPedido.cs" Description="File successfully backed up as C:\Documents and Settings\Anderson\Desktop\Lições\CSHARP\Backup\ControleDeVendas\Formulários\Sistema\frmPedido.cs">
</Event><Event ErrorLevel="0" Project="ControleDeVendas" Source="ControleDeVendas\Formulários\Sistema\frmPedido.designer.cs" Description="File successfully backed up as C:\Documents and Settings\Anderson\Desktop\Lições\CSHARP\Backup\ControleDeVendas\Formulários\Sistema\frmPedido.designer.cs">
</Event><Event ErrorLevel="0" Project="ControleDeVendas" Source="ControleDeVendas\Program.cs" Description="File successfully backed up as C:\Documents and Settings\Anderson\Desktop\Lições\CSHARP\Backup\ControleDeVendas\Program.cs">
</Event><Event ErrorLevel="0" Project="ControleDeVendas" Source="ControleDeVendas\Properties\AssemblyInfo.cs" Description="File successfully backed up as C:\Documents and Settings\Anderson\Desktop\Lições\CSHARP\Backup\ControleDeVendas\Properties\AssemblyInfo.cs">
</Event><Event ErrorLevel="0" Project="ControleDeVendas" Source="ControleDeVendas\Properties\Resources.Designer.cs" Description="File successfully backed up as C:\Documents and Settings\Anderson\Desktop\Lições\CSHARP\Backup\ControleDeVendas\Properties\Resources.Designer.cs">
</Event><Event ErrorLevel="0" Project="ControleDeVendas" Source="ControleDeVendas\Properties\Settings.Designer.cs" Description="File successfully backed up as C:\Documents and Settings\Anderson\Desktop\Lições\CSHARP\Backup\ControleDeVendas\Properties\Settings.Designer.cs">
</Event><Event ErrorLevel="0" Project="ControleDeVendas" Source="ControleDeVendas\Properties\Settings.settings" Description="File successfully backed up as C:\Documents and Settings\Anderson\Desktop\Lições\CSHARP\Backup\ControleDeVendas\Properties\Settings.settings">
</Event><Event ErrorLevel="0" Project="ControleDeVendas" Source="ControleDeVendas\Formulários\Cadastros\Categoria\frmCategoriaCadastro.resx" Description="File successfully backed up as C:\Documents and Settings\Anderson\Desktop\Lições\CSHARP\Backup\ControleDeVendas\Formulários\Cadastros\Categoria\frmCategoriaCadastro.resx">
</Event><Event ErrorLevel="0" Project="ControleDeVendas" Source="ControleDeVendas\Formulários\Cadastros\Categoria\frmCategoriaConsulta.resx" Description="File successfully backed up as C:\Documents and Settings\Anderson\Desktop\Lições\CSHARP\Backup\ControleDeVendas\Formulários\Cadastros\Categoria\frmCategoriaConsulta.resx">
</Event><Event ErrorLevel="0" Project="ControleDeVendas" Source="ControleDeVendas\Formulários\Cadastros\Cliente\frmClienteCadastro.resx" Description="File successfully backed up as C:\Documents and Settings\Anderson\Desktop\Lições\CSHARP\Backup\ControleDeVendas\Formulários\Cadastros\Cliente\frmClienteCadastro.resx">
</Event><Event ErrorLevel="0" Project="ControleDeVendas" Source="ControleDeVendas\Formulários\Cadastros\Cliente\frmClienteConsulta.resx" Description="File successfully backed up as C:\Documents and Settings\Anderson\Desktop\Lições\CSHARP\Backup\ControleDeVendas\Formulários\Cadastros\Cliente\frmClienteConsulta.resx">
</Event><Event ErrorLevel="0" Project="ControleDeVendas" Source="ControleDeVendas\Formulários\Cadastros\Produto\frmProdutoCadastro.resx" Description="File successfully backed up as C:\Documents and Settings\Anderson\Desktop\Lições\CSHARP\Backup\ControleDeVendas\Formulários\Cadastros\Produto\frmProdutoCadastro.resx">
</Event><Event ErrorLevel="0" Project="ControleDeVendas" Source="ControleDeVendas\Formulários\Cadastros\Produto\frmProdutoConsulta.resx" Description="File successfully backed up as C:\Documents and Settings\Anderson\Desktop\Lições\CSHARP\Backup\ControleDeVendas\Formulários\Cadastros\Produto\frmProdutoConsulta.resx">
</Event><Event ErrorLevel="0" Project="ControleDeVendas" Source="ControleDeVendas\Formulários\Modelos\frmModelo.resx" Description="File successfully backed up as C:\Documents and Settings\Anderson\Desktop\Lições\CSHARP\Backup\ControleDeVendas\Formulários\Modelos\frmModelo.resx">
</Event><Event ErrorLevel="0" Project="ControleDeVendas" Source="ControleDeVendas\Formulários\Modelos\frmModeloCadastro.resx" Description="File successfully backed up as C:\Documents and Settings\Anderson\Desktop\Lições\CSHARP\Backup\ControleDeVendas\Formulários\Modelos\frmModeloCadastro.resx">
</Event><Event ErrorLevel="0" Project="ControleDeVendas" Source="ControleDeVendas\Formulários\Modelos\frmModeloConsulta.resx" Description="File successfully backed up as C:\Documents and Settings\Anderson\Desktop\Lições\CSHARP\Backup\ControleDeVendas\Formulários\Modelos\frmModeloConsulta.resx">
</Event><Event ErrorLevel="0" Project="ControleDeVendas" Source="ControleDeVendas\Formulários\Sistema\frmConsulta.resx" Description="File successfully backed up as C:\Documents and Settings\Anderson\Desktop\Lições\CSHARP\Backup\ControleDeVendas\Formulários\Sistema\frmConsulta.resx">
</Event><Event ErrorLevel="0" Project="ControleDeVendas" Source="ControleDeVendas\Formulários\Sistema\frmMenu.resx" Description="File successfully backed up as C:\Documents and Settings\Anderson\Desktop\Lições\CSHARP\Backup\ControleDeVendas\Formulários\Sistema\frmMenu.resx">
</Event><Event ErrorLevel="0" Project="ControleDeVendas" Source="ControleDeVendas\Formulários\Sistema\frmPedido.resx" Description="File successfully backed up as C:\Documents and Settings\Anderson\Desktop\Lições\CSHARP\Backup\ControleDeVendas\Formulários\Sistema\frmPedido.resx">
</Event><Event ErrorLevel="0" Project="ControleDeVendas" Source="ControleDeVendas\Properties\Resources.resx" Description="File successfully backed up as C:\Documents and Settings\Anderson\Desktop\Lições\CSHARP\Backup\ControleDeVendas\Properties\Resources.resx">
</Event><Event ErrorLevel="0" Project="ControleDeVendas" Source="ControleDeVendas\ControleDeVendas.csproj" Description="Project converted successfully">
</Event><Event ErrorLevel="3" Project="ControleDeVendas" Source="ControleDeVendas\ControleDeVendas.csproj" Description="Converted">
</Event><Event ErrorLevel="0" Project="DllControleDeVendas" Source="DllControleDeVendas\DllControleDeVendas.csproj" Description="Project file successfully backed up as C:\Documents and Settings\Anderson\Desktop\Lições\CSHARP\Backup\DllControleDeVendas\DllControleDeVendas.csproj">
</Event><Event ErrorLevel="0" Project="DllControleDeVendas" Source="DllControleDeVendas\Properties\AssemblyInfo.cs" Description="File successfully backed up as C:\Documents and Settings\Anderson\Desktop\Lições\CSHARP\Backup\DllControleDeVendas\Properties\AssemblyInfo.cs">
</Event><Event ErrorLevel="0" Project="DllControleDeVendas" Source="DllControleDeVendas\Properties\Settings.Designer.cs" Description="File successfully backed up as C:\Documents and Settings\Anderson\Desktop\Lições\CSHARP\Backup\DllControleDeVendas\Properties\Settings.Designer.cs">
</Event><Event ErrorLevel="0" Project="DllControleDeVendas" Source="DllControleDeVendas\Sistema\Globais\cldBancoDados.cs" Description="File successfully backed up as C:\Documents and Settings\Anderson\Desktop\Lições\CSHARP\Backup\DllControleDeVendas\Sistema\Globais\cldBancoDados.cs">
</Event><Event ErrorLevel="0" Project="DllControleDeVendas" Source="DllControleDeVendas\Sistema\Globais\clnFuncoesGerais.cs" Description="File successfully backed up as C:\Documents and Settings\Anderson\Desktop\Lições\CSHARP\Backup\DllControleDeVendas\Sistema\Globais\clnFuncoesGerais.cs">
</Event><Event ErrorLevel="0" Project="DllControleDeVendas" Source="DllControleDeVendas\Sistema\Negocio\clnCategoria.cs" Description="File successfully backed up as C:\Documents and Settings\Anderson\Desktop\Lições\CSHARP\Backup\DllControleDeVendas\Sistema\Negocio\clnCategoria.cs">
</Event><Event ErrorLevel="0" Project="DllControleDeVendas" Source="DllControleDeVendas\Sistema\Negocio\clnCliente.cs" Description="File successfully backed up as C:\Documents and Settings\Anderson\Desktop\Lições\CSHARP\Backup\DllControleDeVendas\Sistema\Negocio\clnCliente.cs">
</Event><Event ErrorLevel="0" Project="DllControleDeVendas" Source="DllControleDeVendas\Sistema\Negocio\clnItem.cs" Description="File successfully backed up as C:\Documents and Settings\Anderson\Desktop\Lições\CSHARP\Backup\DllControleDeVendas\Sistema\Negocio\clnItem.cs">
</Event><Event ErrorLevel="0" Project="DllControleDeVendas" Source="DllControleDeVendas\Sistema\Negocio\clnPedido.cs" Description="File successfully backed up as C:\Documents and Settings\Anderson\Desktop\Lições\CSHARP\Backup\DllControleDeVendas\Sistema\Negocio\clnPedido.cs">
</Event><Event ErrorLevel="0" Project="DllControleDeVendas" Source="DllControleDeVendas\Sistema\Negocio\clnProduto.cs" Description="File successfully backed up as C:\Documents and Settings\Anderson\Desktop\Lições\CSHARP\Backup\DllControleDeVendas\Sistema\Negocio\clnProduto.cs">
</Event><Event ErrorLevel="0" Project="DllControleDeVendas" Source="DllControleDeVendas\app.config" Description="File successfully backed up as C:\Documents and Settings\Anderson\Desktop\Lições\CSHARP\Backup\DllControleDeVendas\app.config">
</Event><Event ErrorLevel="0" Project="DllControleDeVendas" Source="DllControleDeVendas\Properties\Settings.settings" Description="File successfully backed up as C:\Documents and Settings\Anderson\Desktop\Lições\CSHARP\Backup\DllControleDeVendas\Properties\Settings.settings">
</Event><Event ErrorLevel="0" Project="DllControleDeVendas" Source="DllControleDeVendas\DllControleDeVendas.csproj" Description="Project converted successfully">
</Event><Event ErrorLevel="3" Project="DllControleDeVendas" Source="DllControleDeVendas\DllControleDeVendas.csproj" Description="Converted">
</Event><Event ErrorLevel="0" Project="" Source="ControleDeVendas.sln" Description="Solution converted successfully">
</Event><Event ErrorLevel="3" Project="" Source="ControleDeVendas.sln" Description="Converted">
</Event><Event ErrorLevel="0" Project="ControleDeVendas" Source="ControleDeVendas\ControleDeVendas.csproj" Description="Scan complete: Upgrade not required for project files.">
</Event><Event ErrorLevel="0" Project="DllControleDeVendas" Source="DllControleDeVendas\DllControleDeVendas.csproj" Description="Scan complete: Upgrade not required for project files.">
</Event></UpgradeLog>